<?xml version="1.0" encoding="UTF-8"?>
<window>
    <coordinates>
        <left>110</left>
        <top>55</top>
    </coordinates>
    <controls>
        <control type="group">
            <control type="image">
                <left>0</left>
                <top>230</top>
                <width>1700</width>
                <height>480</height>
                <texture colordiffuse="black" border="2">Background/loguploader-black.png</texture>
            </control>
            <control type="image">
                <left>10</left>
                <top>10</top>
                <width>1680</width>
                <height>950</height>
            </control>
            <control type="label" id="101">
                <description>header label</description>
                <posx>20</posx>
                <posy>20</posy>
                <width>1660</width>
                <height>60</height>
                <font>font14</font>
                <label></label>
                <align>center</align>
                <aligny>center</aligny>
                <visible>Skin.String(headertexttype)</visible>
            </control>
			<control type="image">
                <posx>-720</posx>
                <posy>5</posy>
                <width>1660</width>
                <height>160</height>
                <aspectratio aligny="center" align="center">keep</aspectratio>
                <visible>Skin.String(headerimagetype)</visible>
            </control>
            <control type="textbox" id="102">
                <left>10</left>
                <top>270</top>
                <width>1640</width>
                <height>790</height>
                <!-- <font>font10</font> -->
                <align>right</align>
                <aligny>top</aligny>
                <colordiffuse>FFFF00FF</colordiffuse>
                <pagecontrol>103</pagecontrol>
                <onup>103</onup>
                <ondown>103</ondown>
                <onleft>103</onleft>
                <onright>103</onright>
            </control>
            <!-- <control type="scrollbar" id="103">
                <left>1660</left>
                <top>90</top>
                <width>30</width>
                <height>790</height>
                <subtype>text</subtype>
                <visible>true</visible>
                <texturesliderbackground>Button/scrollbar-V-background.png</texturesliderbackground>
                <texturesliderbar>Button/scrollbar-V.png</texturesliderbar>
                <texturesliderbarfocus colordiffuse="FF12B2E7">Button/scrollbar-V-focus.png</texturesliderbarfocus>
                <orientation>vertical</orientation>
                <showonepage>true</showonepage>
                <onup>201</onup>
                <ondown>201</ondown>
                <onleft>201</onleft>
                <onright>201</onright>
            </control> -->
           <control type="button" id="201">
                <left>1300</left>
                <top>590</top>
                <width>300</width>
                <height>60</height>
                <textcolor>FFF0F0F0</textcolor>
                <label>סגור</label>
                <align>center</align>
                <aligny>center</aligny>
                <texturefocus colordiffuse="FF12B2E7">Button/testbuttonfo.png</texturefocus>
                <texturenofocus>Button/testbuttonnf.png</texturenofocus>
                <onleft>202</onleft>
                <onright>203</onright>
            </control>
			 <control type="button" id="202">
                <left>740</left>
                <top>590</top>
                <width>500</width>
                <height>60</height>
                <textcolor>FFF0F0F0</textcolor>
                <label>עדכון עבור קודי 17</label>
                <align>center</align>
                <aligny>center</aligny>
                <texturefocus colordiffuse="FF12B2E7">Button/testbuttonfo.png</texturefocus>
                <texturenofocus>Button/testbuttonnf.png</texturenofocus>
                <onleft>203</onleft>
                <onright>201</onright>
                <onup>105</onup>
                <ondown>105</ondown>
            </control>
            <control type="button" id="203">
                <left>180</left>
                <top>590</top>
                <width>500</width>
                <height>60</height>
                <textcolor>FFF0F0F0</textcolor>
                <textoffsetx>20</textoffsetx>
                <label>עדכון עבור קודי 18</label>
                <align>center</align>
                <aligny>center</aligny>
                <texturefocus colordiffuse="FF12B2E7">Button/testbuttonfo.png</texturefocus>
                <texturenofocus>Button/testbuttonnf.png</texturenofocus>
                <onleft>201</onleft>
                <onright>202</onright>
                <onup>105</onup>
                <ondown>105</ondown>
            </control>
        </control>
    </controls>
</window>