<?xml version="1.0" encoding="UTF-8" standalone="yes"?>
<addon id="plugin.program.Anonymous"                                                                                                                                    
	   name=" [COLOR white][B]Anonymous TV[/B][/COLOR]"                                                 
	   version="8.1.7"                                                                                                                                        
	   provider-name="">

  <extension point="xbmc.python.pluginsource" library="default.py">
    <provides>executable</provides>
  </extension>
  <extension point="xbmc.service" library="startup.py" start="startup" />
  <extension point="xbmc.addon.metadata">
    <summary lang="en">Anonymous TV</summary>
    <description lang="en">Credit To Anonymous TV</description>
    <platform>all</platform>
	<assets>
            <icon>icon.png</icon>
            <fanart>fanart.jpg</fanart>
    </assets>
  </extension>
</addon>