<?xml version="1.0" encoding="UTF-8" standalone="yes"?>
<addon id="plugin.program.Anonymous"                                                                                                                                    
	   name=" [COLOR tan][B]Kodi Anonymous[/B][/COLOR]"                                                 
	   version="2.2.4"                                                                                                                                        
	   provider-name="">
  <requires>
    <import addon="xbmc.python" version="2.1.0"/>
   <import addon="script.module.requests" optional="true" /> 
  </requires>
  <extension point="xbmc.python.pluginsource" library="default.py">
    <provides>executable</provides>
  </extension>
  <extension point="xbmc.service" library="startup.py" start="startup" />
  <extension point="xbmc.addon.metadata">
    <summary lang="en">Kodi Anonymous</summary>
    <description lang="en">Credit To Kodi Anonymous</description>
    <platform>all</platform>
  </extension>
</addon>