<?xml version="1.0" encoding="UTF-8"?>
<window>
    <coordinates>
        <left>485</left>
        <top>345</top>
    </coordinates>
    <controls>
        <control type="group">
            <control type="image">
                <left>0</left>
                <top>0</top>
                <width>950</width>
                <height>390</height>
                <texture border="2">Background/ContentPanel.png</texture>
            </control>
            <control type="image" id="101">
                <left>10</left>
                <top>10</top>
                <width>930</width>
                <height>370</height>
            </control>
            <control type="label" id="102">
                <description>header label</description>
                <posx>0</posx>
                <posy>20</posy>
                <width>950</width>
                <height>40</height>
                <font>font14</font>
                <label></label>
                <align>center</align>
                <aligny>center</aligny>
				<!-- <visible>false</visible> -->
            </control>
            <control type="image" id="103">
                <left>20</left>
                <top>70</top>
                <width>300</width>
                <height>300</height>
				 <visible>false</visible>
                <aspectratio aligny="center" align="center">keep</aspectratio>
            </control>
<!--             <control type="image">
                <left>20</left>
                <top>70</top>
                <width>300</width>
                <height>300</height>
				
                <texture border="2">Button/qr.jpg</texture>
            </control> -->
            <control type="image">
                <posx>320</posx>
                <posy>0</posy>
                <width>350</width>
                <height>70</height>

				<texture border="2">Background/tv.png</texture>
                <!-- <visible>Skin.String(headerimagetype)</visible> -->
				<!-- <visible>false</visible> -->
            </control>
            <control type="textbox" id="104">
                <left>370</left>
                <top>100</top>
                <width>500</width>
                <height>300</height>
                <font>font14</font>
                <align>right</align>
                <aligny>top</aligny>
                <pagecontrol>105</pagecontrol>
                <onup>105</onup>
                <ondown>105</ondown>
                <onleft>105</onleft>
                <onright>105</onright>
				<visible>false</visible>
            </control>
            <control type="scrollbar" id="105">
                <left>910</left>
                <top>70</top>
                <width>30</width>
                <height>300</height>
                <subtype>text</subtype>
                <visible>false</visible>
                <texturesliderbackground>Button/scrollbar-V-background.png</texturesliderbackground>
                <texturesliderbar>Button/scrollbar-V.png</texturesliderbar>
                <texturesliderbarfocus colordiffuse="FF12B2E7">Button/scrollbar-V-focus.png</texturesliderbarfocus>
                <orientation>vertical</orientation>
                <showonepage>true</showonepage>
                <onup>104</onup>
                <ondown>104</ondown>
                <onleft>104</onleft>
                <onright>104</onright>
            </control>
            <control type="button" id="106">
                <left>850</left>
                <top>15</top>
                <width>70</width>
                <height>60</height>
                <font>font12</font>
                <textcolor>FFF0F0F0</textcolor>
                <textoffsetx>20</textoffsetx>
                <label></label>
                <align>center</align>
                <aligny>center</aligny>
                <texturefocus colordiffuse="FF12B2E7">Button/DialogCloseButton.png</texturefocus>
                <texturenofocus>Button/DialogCloseButton.png</texturenofocus>
                <onup>103</onup>
                <ondown>103</ondown>
                <onleft>204</onleft>
                <onright>201</onright>
            </control>
            <control type="label" id="107">
                <description>header label2</description>
                <posx>900</posx>
                <posy>120</posy>
                <width>950</width>
                <height>40</height>
                <font>font14</font>
                <label></label>
                <align>right</align>
                <aligny>right</aligny>
				<!-- <visible>false</visible> -->
            </control>
            <control type="label" id="108">
                <description>header label3</description>
                <posx>900</posx>
                <posy>170</posy>
                <width>950</width>
                <height>40</height>
                <font>font14</font>
                <label></label>
                <align>right</align>
                <aligny>right</aligny>
				<!-- <visible>false</visible> -->
            </control>
            <control type="label" id="109">
                <description>header label4</description>
                <posx>900</posx>
                <posy>220</posy>
                <width>950</width>
                <height>40</height>
                <font>font14</font>
                <label></label>
                <align>right</align>
                <aligny>right</aligny>
				<!-- <visible>false</visible> -->
            </control>
            <control type="label" id="110">
                <description>header label4</description>
                <posx>900</posx>
                <posy>270</posy>
                <width>950</width>
                <height>140</height>
                <font>font14</font>
                <label></label>
                <align>right</align>
                <aligny>right</aligny>
				<!-- <visible>false</visible> -->
            </control>
        </control>
    </controls>
</window>
