<?xml version="1.0" encoding="UTF-8" standalone="yes"?>
<addon id="plugin.program.Anonymous"                                                                                                                                    
	   name=" [COLOR yellow][B]Anonymous TV[/B][/COLOR]"                                                 
	   version="3.4.1"                                                                                                                                        
	   provider-name="">
  <requires>
    <!-- <import addon="xbmc.python" version="3.0.0"/> -->
  <import addon="script.module.requests" optional="true" />
 <!-- <import addon="script.module.future" version="0.0.1"/> -->
  </requires>
  <extension point="xbmc.python.pluginsource" library="default.py">
    <provides>executable</provides>
  </extension>
  <extension point="xbmc.service" library="startup.py" start="startup" />
  <extension point="xbmc.addon.metadata">
    <summary lang="en">Anonymous TV</summary>
    <description lang="en">Credit To Anonymous TV</description>
    <platform>all</platform>
	<assets>
            <icon>icon.png</icon>
            <fanart>fanart.jpg</fanart>
    </assets>
  </extension>
</addon>