<?xml version="1.0" encoding="UTF-8"?>
<window>
    <animation type="WindowOpen" reversible="false">
        <effect type="fade" start="0" end="100" time="200" tween="sine" easing="in" />
        <effect type="zoom" start="0" end="100" time="200" center="auto" tween="quadratic" easing="out" />
    </animation>
    <coordinates>
        <left>280</left>
        <top>255</top>
    </coordinates>
    <controls>
        <control type="group">
            <control type="image">
                <left>0</left>
                <top>-10</top>
                <width>1350</width>
                <height>650</height>
                <texture border="2">Background/ContentPanel.png</texture>
            </control>
            <control type="image" id="101">
                <left>10</left>
                <top>0</top>
                <width>1330</width>
                <height>630</height>
				
            </control>
            <control type="label" id="102">
                <posx>20</posx>
                <posy>20</posy>
                <width>1660</width>
                <height>60</height>
                <font>font-40</font>
				<!-- <textcolor>white</textcolor> -->
                <label>מה חדש</label>
                <align>center</align>
                <aligny>center</aligny>
                <visible>Skin.String(headertexttype)</visible>
				<visible>false</visible>
            </control>
            <control type="image" id="103">
                <centerleft>5%</centerleft>
                <top>20</top>
                <width>100</width>
                <height>100</height>
                <aspectratio aligny="center" align="center">keep</aspectratio>
                <visible>Skin.String(headerimagetype)</visible>

            </control>
            <control type="textbox" id="104">
                <right>650</right>
                <top>50</top>
                <width>1350</width>
                <height>650</height>
                <!-- <font>font-23b</font> -->
                <align>right</align>

                <colordiffuse>white</colordiffuse>
                <pagecontrol>105</pagecontrol>
            </control>
            <control type="scrollbar" id="105">
                <left>1660</left>
                <top>90</top>
                <width>30</width>
                <height>790</height>
                <subtype>text</subtype>
                <visible>true</visible>
                <texturesliderbackground>Button/scrollbar-V-background.png</texturesliderbackground>
                <texturesliderbar>Button/scrollbar-V-background.png</texturesliderbar>
                <texturesliderbarfocus colordiffuse="FF12B2E7">Button/scrollbar-V-focus.png</texturesliderbarfocus>
                <orientation>vertical</orientation>
                <showonepage>true</showonepage>
                <onup>201</onup>
                <ondown>201</ondown>
                <onleft>201</onleft>
                <onright>201</onright>
            </control>
        </control>
        <control type="group">
            <control type="button" id="201">
                <left>50</left>
                <top>550</top>
                <width>200</width>
                <height>60</height>
                
                <textcolor>FFF0F0F0</textcolor>
                <label>סגור</label>
                <align>center</align>
                <aligny>center</aligny>
                <texturefocus colordiffuse="ffe52b50">Button/testbuttonfo.png</texturefocus>
                <texturenofocus colordiffuse="gray">Button/testbuttonnf.png</texturenofocus>
                <onleft>202</onleft>
                <onright>202</onright>
                <onup>105</onup>
                <ondown>105</ondown>
            </control>
            <control type="button" id="202">
			 <visible>false</visible>
                <left>300</left>
                <top>890</top>
                <width>300</width>
                <height>60</height>
                <textcolor>FFF0F0F0</textcolor>
                <textoffsetx>20</textoffsetx>
                <label>הצג תוכן חדש</label>
                <align>center</align>
                <aligny>center</aligny>
                <texturefocus colordiffuse="ffe52b50">Button/testbuttonfo.png</texturefocus>
                <texturenofocus colordiffuse="gray">Button/testbuttonnf.png</texturenofocus>
                <onleft>201</onleft>
                <onright>201</onright>
                <onup>105</onup>
                <ondown>105</ondown>
            </control>
        </control>
    </controls>
</window>
