<?xml version="1.0" encoding="UTF-8"?>
<window>
    <coordinates>
        <left>110</left>
        <top>55</top>
    </coordinates>
    <controls>
        <control type="group">

            <control type="image">
                <left>150</left>
                <top>-10</top>
                <width>1400</width>
                <height>980</height>
                <texture border="2">Background/ContentPanel.png</texture>
            </control>
			<control type="image" id="101">
				<posx>260</posx>
				<posy>100</posy>
                <width>1200</width>
                <height>680</height>
				<!-- <texture border="15,0,0,0" flipx="false">Background/downloader.png</texture> -->
			</control>



            <control type="textbox" id="104">
                <left>10</left>
                <top>10</top>
                <width>1740</width>
                <height>840</height>
                <font>font60</font>
                <align>center</align>
                <aligny>top</aligny>
                <colordiffuse>FFFF00FF</colordiffuse>
                <pagecontrol>105</pagecontrol>
            </control>

        </control>
        <control type="group">
            <control type="button" id="201">
                <left>970</left>
                <top>850</top>
                <width>300</width>
                <height>60</height>
                
                <textcolor>FFF0F0F0</textcolor>
                <label>ביטול</label>
                <align>center</align>
                <aligny>center</aligny>
                <texturefocus colordiffuse="FF12B2E7">Button/testbuttonfo.png</texturefocus>
                <texturenofocus>Button/testbuttonnf.png</texturenofocus>
                <onleft>202</onleft>
                <onright>201</onright>
                <onup>105</onup>
                <ondown>105</ondown>
            </control>
            <control type="button" id="202">
                <left>450</left>
                <top>850</top>
                <width>300</width>
                <height>60</height>
                
                <textcolor>FFF0F0F0</textcolor>
                <label>עדכן עכשיו</label>
                <align>center</align>
                <aligny>center</aligny>
                <texturefocus colordiffuse="FF12B2E7">Button/testbuttonfo.png</texturefocus>
                <texturenofocus>Button/testbuttonnf.png</texturenofocus>
                <onleft>202</onleft>
                <onright>201</onright>
                <onup>105</onup>
                <ondown>105</ondown>
            </control>

        </control>
    </controls>
</window>
